Code,Longitude,Latitude,Coordonnees
1000,4.351697,50.8465573,"50.8465573,4.351697"
1020,4.3487134,50.883392,"50.883392,4.3487134"
1030,4.3737121,50.8676041,"50.8676041,4.3737121"
1040,4.3895104,50.8368511,"50.8368511,4.3895104"
1050,4.3815707,50.8222854,"50.8222854,4.3815707"
1060,4.345668,50.8267409,"50.8267409,4.345668"
1070,4.3123401,50.8381411,"50.8381411,4.3123401"
1080,4.3227779,50.8543551,"50.8543551,4.3227779"
1081,4.3257084,50.8622633,"50.8622633,4.3257084"
1082,4.292702,50.8639835,"50.8639835,4.292702"
1083,4.3175103,50.8712396,"50.8712396,4.3175103"
1090,4.3260903,50.8777634,"50.8777634,4.3260903"
1120,4.3904888684211,50.89779605,"50.89779605,4.39048886842"
1130,4.4125708732431,50.8919661,"50.8919661,4.41257087324"
1140,4.4021602,50.8704524,"50.8704524,4.4021602"
1150,4.4432967,50.8292429,"50.8292429,4.4432967"
1160,4.4331389,50.8156571,"50.8156571,4.4331389"
1170,4.4158177,50.799394,"50.799394,4.4158177"
1180,4.3372348,50.8018201,"50.8018201,4.3372348"
1190,4.3177512,50.8091426,"50.8091426,4.3177512"
1200,4.4284842,50.8466928,"50.8466928,4.4284842"
1210,4.3723364,50.8530739,"50.8530739,4.3723364"
1300,4.607744,50.7164189,"50.7164189,4.607744"
1301,4.5894025,50.7111796,"50.7111796,4.5894025"
1310,4.4796542,50.7315053,"50.7315053,4.4796542"
1315,4.798944,50.6918004,"50.6918004,4.798944"
1320,4.8320079,50.7717493,"50.7717493,4.8320079"
1325,4.6896145,50.7021372,"50.7021372,4.6896145"
1330,4.5272896887008,50.7133548,"50.7133548,4.5272896887"
1331,4.5463113019639,50.73713045,"50.73713045,4.54631130196"
1332,4.4971389344121,50.72074495,"50.72074495,4.49713893441"
1340,4.5804937701303,50.6726725,"50.6726725,4.58049377013"
1341,4.5291742660159,50.6625713,"50.6625713,4.52917426602"
1342,4.5549022761211,50.6851551,"50.6851551,4.55490227612"
1348,4.6141567317211,50.6741689,"50.6741689,4.61415673172"
1350,4.9370984,50.6610719,"50.6610719,4.9370984"
1357,4.9890154,50.7567681,"50.7567681,4.9890154"
1360,4.8134719,50.6234469,"50.6234469,4.8134719"
1367,4.8735246,50.6681389,"50.6681389,4.8735246"
1370,4.8709616,50.7218206,"50.7218206,4.8709616"
1380,4.4844157,50.6860037,"50.6860037,4.4844157"
1390,4.7033973,50.7267076,"50.7267076,4.7033973"
1400,4.3319091758631,50.58916295,"50.58916295,4.33190917586"
1401,4.3586482570372,50.6172472,"50.6172472,4.35864825704"
1402,4.3825954093731,50.58678735,"50.58678735,4.38259540937"
1404,4.2649262209555,50.6048658,"50.6048658,4.26492622096"
1410,4.3978047,50.7173563,"50.7173563,4.3978047"
1420,4.3548145440335,50.6940942,"50.6940942,4.35481454403"
1421,4.3507902353934,50.65630215,"50.65630215,4.35079023539"
1428,4.3670582,50.6483743,"50.6483743,4.3670582"
1430,4.1350275503194,50.67355825,"50.67355825,4.13502755032"
1435,4.6127019,50.6365628,"50.6365628,4.6127019"
1440,4.2666690726132,50.68088165,"50.68088165,4.26666907261"
1450,4.636678,50.6080835,"50.6080835,4.636678"
1457,4.6743285,50.6407147,"50.6407147,4.6743285"
1460,4.2611675641255,50.6463367,"50.6463367,4.26116756413"
1461,4.2964719513591,50.6488039,"50.6488039,4.29647195136"
1470,4.5192034141632,50.63205335,"50.63205335,4.51920341416"
1471,4.4319644959116,50.5929226,"50.5929226,4.43196449591"
1472,4.4015030981612,50.62902485,"50.62902485,4.40150309816"
1473,4.4464886939844,50.63691535,"50.63691535,4.44648869398"
1474,4.4729429472611,50.6269861,"50.6269861,4.47294294726"
1476,4.4110339517433,50.5762935,"50.5762935,4.41103395174"
1480,4.204696,50.69302,"50.69302,4.204696"
1490,4.5685766,50.6443208,"50.6443208,4.5685766"
1495,4.5380975970878,50.55047955,"50.55047955,4.53809759709"
1500,4.2374349,50.7360524,"50.7360524,4.2374349"
1501,4.2605080818496,50.73793415,"50.73793415,4.26050808185"
1502,4.2143430588907,50.7092954,"50.7092954,4.21434305889"
1540,4.0974868,50.747729,"50.747729,4.0974868"
1541,3.9985766720315,50.70721955,"50.70721955,3.99857667203"
1547,3.943147,50.7164481,"50.7164481,3.943147"
1560,4.474407,50.7674846,"50.7674846,4.474407"
1570,4.0247359,50.76088,"50.76088,4.0247359"
1600,4.1993838,50.7877313,"50.7877313,4.1993838"
1601,4.298610469732,50.7848617,"50.7848617,4.29861046973"
1602,4.2360410720845,50.805593,"50.805593,4.23604107208"
1620,4.3173542,50.786532,"50.786532,4.3173542"
1630,4.3345641,50.7716092,"50.7716092,4.3345641"
1640,4.3463687,50.74503,"50.74503,4.3463687"
1650,4.3051321494591,50.7684432,"50.7684432,4.30513214946"
1651,4.2729986221483,50.76514035,"50.76514035,4.27299862215"
1652,4.3281703413079,50.7449476,"50.7449476,4.32817034131"
1653,4.2950152833964,50.73423975,"50.73423975,4.2950152834"
1654,4.2732545968764,50.74931535,"50.74931535,4.27325459688"
1670,4.1126567,50.7348458,"50.7348458,4.1126567"
1671,4.174198071757,50.7793527,"50.7793527,4.17419807176"
1673,4.1853449364222,50.7354888,"50.7354888,4.18534493642"
1674,4.1601450278998,50.73779765,"50.73779765,4.1601450279"
1700,4.2657299667643,50.84408625,"50.84408625,4.26572996676"
1701,4.2501187,50.8395994,"50.8395994,4.2501187"
1702,4.2635668372339,50.8714357,"50.8714357,4.26356683723"
1703,4.195149072634,50.8363077,"50.8363077,4.19514907263"
1730,4.1804375072845,50.913594,"50.913594,4.18043750728"
1731,4.2744185,50.8842475,"50.8842475,4.2744185"
1740,4.1834171401216,50.87155835,"50.87155835,4.18341714012"
1741,4.1646372476962,50.85672975,"50.85672975,4.1646372477"
1742,4.1535568,50.8726659,"50.8726659,4.1535568"
1745,4.1717632,50.9428791,"50.9428791,4.1717632"
1750,4.1648626,50.8085632,"50.8085632,4.1648626"
1755,4.1212845,50.7631284,"50.7631284,4.1212845"
1760,4.0820664787057,50.83471975,"50.83471975,4.08206647871"
1761,4.1369148649611,50.84817805,"50.84817805,4.13691486496"
1770,4.0860754,50.8711313,"50.8711313,4.0860754"
1780,4.3108723,50.9145955,"50.9145955,4.3108723"
1785,4.1202807810427,51.0881618,"51.0881618,4.12028078104"
1790,4.09834,50.8921419,"50.8921419,4.09834"
1800,4.4551981,50.9271744,"50.9271744,4.4551981"
1820,4.4960702,50.9331623,"50.9331623,4.4960702"
1830,4.4353614,50.9124219,"50.9124219,4.4353614"
1831,4.4365042,50.8945555,"50.8945555,4.4365042"
1840,4.2437819,51.0198436,"51.0198436,4.2437819"
1850,4.4013732626459,50.95030565,"50.95030565,4.40137326265"
1851,4.3777599282045,50.9728229,"50.9728229,4.3777599282"
1852,4.3638682,50.9527061,"50.9527061,4.3638682"
1853,4.342355501959,50.91096285,"50.91096285,4.34235550196"
1860,4.3287322,50.9341625,"50.9341625,4.3287322"
1861,4.3085198,50.9510266,"50.9510266,4.3085198"
1880,4.3512293,50.9799835,"50.9799835,4.3512293"
1910,4.5711630873694,50.94924405,"50.94924405,4.57116308737"
1930,4.5081025949464,50.88499735,"50.88499735,4.50810259495"
1932,4.4359939711919,50.8662434,"50.8662434,4.43599397119"
1933,4.5157438438279,50.85395875,"50.85395875,4.51574384383"
1950,4.4691371,50.8606105,"50.8606105,4.4691371"
1970,4.4871796,50.8440554,"50.8440554,4.4871796"
1980,4.4556575,50.961429,"50.961429,4.4556575"
1981,4.5042526607237,50.9939033,"50.9939033,4.50425266072"
1982,4.479869,50.9722782,"50.9722782,4.479869"
2000,4.3997081,51.2211097,"51.2211097,4.3997081"
2018,4.3997081,51.2211097,"51.2211097,4.3997081"
2020,4.3997081,51.2211097,"51.2211097,4.3997081"
2030,4.3997081,51.2211097,"51.2211097,4.3997081"
2040,4.2836261784487,51.35984975,"51.35984975,4.28362617845"
2050,4.3997081,51.2211097,"51.2211097,4.3997081"
2060,4.3997081,51.2211097,"51.2211097,4.3997081"
2070,4.3416362,51.2028046,"51.2028046,4.3416362"
2100,4.4695254092764,51.2115284,"51.2115284,4.46952540928"
2110,4.5225318,51.2270761,"51.2270761,4.5225318"
2140,4.4403895064496,51.21029905,"51.21029905,4.44038950645"
2150,4.488953,51.1928907,"51.1928907,4.488953"
2160,4.5238022,51.2031044,"51.2031044,4.5238022"
2170,4.4453401635115,51.24994295,"51.24994295,4.44534016351"
2180,4.4322870782182,51.2842045,"51.2842045,4.43228707822"
2200,4.8207801,51.1203399,"51.1203399,4.8207801"
2220,4.7191120718788,51.08755725,"51.08755725,4.71911207188"
2221,4.7692867998141,51.0471677,"51.0471677,4.76928679981"
2222,4.7853558986493,51.10609435,"51.10609435,4.78535589865"
2223,4.4361161,51.2907379,"51.2907379,4.4361161"
2230,4.8336098,51.0324718,"51.0324718,4.8336098"
2235,4.7885461,51.0753923,"51.0753923,4.7885461"
2240,4.6356924683019,51.19902125,"51.19902125,4.6356924683"
2242,4.7033852099385,51.2257319,"51.2257319,4.70338520994"
2243,4.6975445276147,51.2011609,"51.2011609,4.69754452761"
2250,4.8597257,51.1438611,"51.1438611,4.8597257"
2260,4.9012622781849,51.1220734,"51.1220734,4.90126227818"
2270,4.7543972,51.1392427,"51.1392427,4.7543972"
2275,4.8676797,51.26758,"51.26758,4.8676797"
2280,4.7318844301963,51.18870335,"51.18870335,4.7318844302"
2288,4.7370614385825,51.16210045,"51.16210045,4.73706143858"
2290,4.769482,51.2023448,"51.2023448,4.769482"
2300,4.948461,51.3233812,"51.3233812,4.948461"
2310,4.760708,51.3495046,"51.3495046,4.760708"
2320,4.7440656414186,51.39574085,"51.39574085,4.74406564142"
2321,4.7372548575575,51.46092495,"51.46092495,4.73725485756"
2322,4.8070790487489,51.43155825,"51.43155825,4.80707904875"
2323,4.8085930879726,51.3975366,"51.3975366,4.80859308797"
2328,4.8051679,51.4743516,"51.4743516,4.8051679"
2330,4.8627541,51.3580597,"51.3580597,4.8627541"
2340,4.7821797,51.2988018,"51.2988018,4.7821797"
2350,4.8878026,51.3129153,"51.3129153,4.8878026"
2360,4.9817086,51.3178319,"51.3178319,4.9817086"
2370,5.0864557,51.3202315,"51.3202315,5.0864557"
2380,5.0198122919518,51.3808625,"51.3808625,5.01981229195"
2381,5.0182445420616,51.41206885,"51.41206885,5.01824454206"
2382,5.0488069670452,51.45063155,"51.45063155,5.04880696705"
2387,4.9004051710883,51.412750431352,"51.4127504314,4.90040517109"
2390,4.7149828,51.3001124,"51.3001124,4.7149828"
2400,5.1155267,51.1840421,"51.1840421,5.1155267"
2430,4.9972890275518,51.10171295,"51.10171295,4.99728902755"
2431,4.9552253,51.0801317,"51.0801317,4.9552253"
2440,4.9903187,51.1610826,"51.1610826,4.9903187"
2450,5.0772388,51.1317433,"51.1317433,5.0772388"
2460,4.967812,51.2407915,"51.2407915,4.967812"
2470,5.0843883,51.2675862,"51.2675862,5.0843883"
2480,5.113243,51.2395713,"51.2395713,5.113243"
2490,5.1937730761009,51.171804,"51.171804,5.1937730761"
2491,5.1648214462792,51.13368515,"51.13368515,5.16482144628"
2500,4.5696516,51.131069,"51.131069,4.5696516"
2520,4.5967162,51.1813951,"51.1813951,4.5967162"
2530,4.510406865149,51.1596941,"51.1596941,4.51040686515"
2531,4.5226229,51.1753099,"51.1753099,4.5226229"
2540,4.477387,51.1486117,"51.1486117,4.477387"
2547,4.4922187,51.1268305,"51.1268305,4.4922187"
2550,4.453,51.1052659,"51.1052659,4.453"
2560,4.6393456001407,51.14453105,"51.14453105,4.63934560014"
2570,4.5061988,51.0957176,"51.0957176,4.5061988"
2580,4.6630807412987,51.06299735,"51.06299735,4.6630807413"
2590,4.6640387634597,51.10303735,"51.10303735,4.66403876346"
2600,4.4317026387884,51.1918493,"51.1918493,4.43170263879"
2610,4.3876309610455,51.1638451,"51.1638451,4.38763096105"
2620,4.3420555,51.1442105,"51.1442105,4.3420555"
2627,4.3361875,51.1245635,"51.1245635,4.3361875"
2630,4.3870241,51.133297,"51.133297,4.3870241"
2640,4.4593335,51.1741789,"51.1741789,4.4593335"
2650,4.4384284,51.1574786,"51.1574786,4.4384284"
2660,4.3511502171395,51.1757824,"51.1757824,4.35115021714"
2800,4.4568748,51.0657941,"51.0657941,4.4568748"
2801,4.4124762563322,51.0519355,"51.0519355,4.41247625633"
2811,4.4211910518318,51.01166405,"51.01166405,4.42119105183"
2812,4.5182999731643,51.0083206,"51.0083206,4.51829997316"
2820,4.5378217779072,51.0261294,"51.0261294,4.53782177791"
2830,4.3723517,51.0565194,"51.0565194,4.3723517"
2840,4.4058899586301,51.1044854,"51.1044854,4.40588995863"
2845,4.3303396,51.1098649,"51.1098649,4.3303396"
2850,4.3667216,51.0873789,"51.0873789,4.3667216"
2860,4.5114278140147,51.06232435,"51.06232435,4.51142781401"
2861,4.5799614,51.0624913,"51.0624913,4.5799614"
2870,4.2808516096232,51.05486435,"51.05486435,4.28085160962"
2880,4.2423260051519,51.0924649,"51.0924649,4.24232600515"
2890,4.2519213925908,51.0451478,"51.0451478,4.25192139259"
2900,4.4980446,51.2516344,"51.2516344,4.4980446"
2910,4.4701309,51.4677957,"51.4677957,4.4701309"
2920,4.4763255,51.3832723,"51.3832723,4.4763255"
2930,4.489307,51.2930933,"51.2930933,4.489307"
2940,4.4046996,51.3066168,"51.3066168,4.4046996"
2950,4.4312318305558,51.332759,"51.332759,4.43123183056"
2960,4.5759347,51.2955923,"51.2955923,4.5759347"
2970,4.5955157359888,51.257095,"51.257095,4.59551573599"
2980,4.6455565344486,51.2428446,"51.2428446,4.64555653445"
2990,4.6428328,51.3994474,"51.3994474,4.6428328"
3000,4.6929903215189,50.8812533,"50.8812533,4.69299032152"
3001,4.6931307510281,50.85172925,"50.85172925,4.69313075103"
3010,4.7307614946269,50.88991545,"50.88991545,4.73076149463"
3012,4.7136294,50.9095362,"50.9095362,4.7136294"
3018,4.7001214,50.926428,"50.926428,4.7001214"
3020,4.6404471957661,50.9124843,"50.9124843,4.64044719577"
3040,4.6067572,50.8070345,"50.8070345,4.6067572"
3050,4.6678971,50.8217682,"50.8217682,4.6678971"
3051,4.6458289787229,50.8051035,"50.8051035,4.64582897872"
3052,4.7056796612254,50.8281673,"50.8281673,4.70567966123"
3053,4.7283706944623,50.81785645,"50.81785645,4.72837069446"
3054,4.6852713590102,50.82408165,"50.82408165,4.68527135901"
3060,4.6322907,50.8706469,"50.8706469,4.6322907"
3061,4.5905043649411,50.8419887,"50.8419887,4.59050436494"
3070,4.5364707039624,50.88326665,"50.88326665,4.53647070396"
3071,4.5750864125531,50.9104969,"50.9104969,4.57508641255"
3078,4.5972692536847,50.8782935,"50.8782935,4.59726925368"
3080,4.5565660886042,50.83488335,"50.83488335,4.5565660886"
3090,4.5385226,50.7729254,"50.7729254,4.5385226"
3110,4.7143205960258,50.9543637,"50.9543637,4.71432059603"
3111,4.7683306885409,50.9482552,"50.9482552,4.76833068854"
3118,4.7026877230529,50.9707189,"50.9707189,4.70268772305"
3120,4.6755134,50.9900457,"50.9900457,4.6755134"
3128,4.7505367662714,51.0075269,"51.0075269,4.75053676627"
3130,4.7826403117004,51.02422075,"51.02422075,4.7826403117"
3140,4.6265551,51.0049242,"51.0049242,4.6265551"
3150,4.6386824,50.9769286,"50.9769286,4.6386824"
3190,4.575800525,50.97828585,"50.97828585,4.575800525"
3191,4.5553278,50.9925865,"50.9925865,4.5553278"
3200,4.8042730440984,50.9670761,"50.9670761,4.8042730441"
3201,4.8856989624279,51.0118664,"51.0118664,4.88569896243"
3202,4.8970494266873,50.97591095,"50.97591095,4.89704942669"
3210,4.8400599406417,50.8821122,"50.8821122,4.84005994064"
3211,4.8908885858013,50.8721422,"50.8721422,4.8908885858"
3212,4.7894086649098,50.87211325,"50.87211325,4.78940866491"
3220,4.7557296717686,50.92172015,"50.92172015,4.75572967177"
3221,4.8338045392342,50.9470265,"50.9470265,4.83380453923"
3270,4.9547327768843,50.9725745,"50.9725745,4.95473277688"
3271,4.9770845794874,51.0278406,"51.0278406,4.97708457949"
3272,4.9484707287374,51.0192772,"51.0192772,4.94847072874"
3290,5.0964572,51.0392379,"51.0392379,5.0964572"
3293,5.0299404926122,50.9776976,"50.9776976,5.02994049261"
3294,5.0247465287649,51.0071839,"51.0071839,5.02474652876"
3300,4.9950692073381,50.8284931,"50.8284931,4.99506920734"
3320,4.88114193614,50.7877912,"50.7877912,4.88114193614"
3321,4.9193571,50.7665968,"50.7665968,4.9193571"
3350,5.0533455578997,50.84486375,"50.84486375,5.0533455579"
3360,4.7912847996064,50.80732735,"50.80732735,4.79128479961"
3370,4.8620269340011,50.84022445,"50.84022445,4.862026934"
3380,4.9513009,50.8725203,"50.8725203,4.9513009"
3381,4.9608776189751,50.88734525,"50.88734525,4.96087761898"
3384,4.9167554140969,50.8694607,"50.8694607,4.9167554141"
3390,4.9155513317582,50.9346235,"50.9346235,4.91555133176"
3391,4.9173431325348,50.8950541,"50.8950541,4.91734313253"
3400,5.0074922319452,50.78710135,"50.78710135,5.00749223195"
3401,5.0609420487376,50.72608345,"50.72608345,5.06094204874"
3404,5.1006534330464,50.7653693,"50.7653693,5.10065343305"
3440,5.1205761783641,50.8127265,"50.8127265,5.12057617836"
3450,5.1015810029407,50.89519195,"50.89519195,5.10158100294"
3454,5.1564917481959,50.88594765,"50.88594765,5.1564917482"
3460,5.0136688435307,50.94677135,"50.94677135,5.01366884353"
3461,4.9541212,50.9212106,"50.9212106,4.9541212"
3470,5.068392495735,50.90566935,"50.90566935,5.06839249573"
3471,5.0014628020046,50.8668096,"50.8668096,5.001462802"
3472,5.0065116045983,50.8930932577,"50.8930932577,5.0065116046"
3473,5.0037716328589,50.9129375,"50.9129375,5.00377163286"
3500,5.3368383970676,50.930358,"50.930358,5.33683839707"
3501,5.3512906396928,50.8769276,"50.8769276,5.35129063969"
3510,5.2509784643733,50.9524495,"50.9524495,5.25097846437"
3511,5.3052007,50.9439384,"50.9439384,5.3052007"
3512,5.2444291944072,50.91698375,"50.91698375,5.24442919441"
3520,5.3677683,50.9909835,"50.9909835,5.3677683"
3530,5.3713044,51.0281818,"51.0281818,5.3713044"
3540,5.2098576659451,50.94876395,"50.94876395,5.20985766595"
3545,5.1073913444455,50.9384339,"50.9384339,5.10739134445"
3550,5.2835531292784,51.04153335,"51.04153335,5.28355312928"
3560,5.2025589998731,51.00313255,"51.00313255,5.20255899987"
3570,5.3079873,50.8754731,"50.8754731,5.3079873"
3580,5.2208090823008,51.0502026,"51.0502026,5.2208090823"
3581,5.2443565507181,51.08973005,"51.08973005,5.24435655072"
3582,5.271159654589,51.06978945,"51.06978945,5.27115965459"
3583,5.1616725572109,51.04746375,"51.04746375,5.16167255721"
3590,5.4200307,50.9078485,"50.9078485,5.4200307"
3600,5.5001456,50.9654864,"50.9654864,5.5001456"
3620,5.6091315,50.8839456,"50.8839456,5.6091315"
3621,5.6626094755366,50.9284078,"50.9284078,5.66260947554"
3630,5.7355142,50.9921686,"50.9921686,5.7355142"
3631,5.7147232,50.9408858,"50.9408858,5.7147232"
3640,5.8089243331137,51.1492029,"51.1492029,5.80892433311"
3650,5.6991443859626,51.0328615,"51.0328615,5.69914438596"
3660,5.581962,51.0429949,"51.0429949,5.581962"
3665,5.5722025852462,51.0005396,"51.0005396,5.57220258525"
3668,5.6161660037867,51.0182495,"51.0182495,5.61616600379"
3670,5.5813814347439,51.08477665,"51.08477665,5.58138143474"
3680,5.791733,51.0947181,"51.0947181,5.791733"
3690,5.5725548,50.9318992,"50.9318992,5.5725548"
3700,5.4696959,50.7993981,"50.7993981,5.4696959"
3717,5.4260923,50.7273829,"50.7273829,5.4260923"
3720,5.3770000287821,50.86195255,"50.86195255,5.37700002878"
3721,5.4298574663068,50.8667966,"50.8667966,5.42985746631"
3722,5.4073456316551,50.85566395,"50.85566395,5.40734563166"
3723,5.4005632276197,50.84255235,"50.84255235,5.40056322762"
3724,5.4259091735787,50.8326029,"50.8326029,5.42590917358"
3730,5.4804957,50.8335665,"50.8335665,5.4804957"
3732,5.4481669278797,50.8422859,"50.8422859,5.44816692788"
3740,5.4734935,50.8921566,"50.8921566,5.4734935"
3742,5.5340486411054,50.8523326,"50.8523326,5.53404864111"
3746,5.556142701219,50.883259,"50.883259,5.55614270122"
3770,5.5744881,50.8071071,"50.8071071,5.5744881"
3790,5.8429342279842,50.74087835,"50.74087835,5.84293422798"
3791,5.8818776028446,50.72838165,"50.72838165,5.88187760284"
3792,5.8242427123549,50.72830265,"50.72830265,5.82424271235"
3793,5.8695304694514,50.75322225,"50.75322225,5.86953046945"
3798,5.7719461900567,50.7611375,"50.7611375,5.77194619006"
3800,5.230273192058,50.79912435,"50.79912435,5.23027319206"
3803,5.1461581286779,50.83411245,"50.83411245,5.14615812868"
3806,5.1322112767812,50.78000075,"50.78000075,5.13221127678"
3830,5.3111748927674,50.82338225,"50.82338225,5.31117489277"
3831,5.3322359627296,50.82704785,"50.82704785,5.33223596273"
3832,5.2936725006792,50.84319895,"50.84319895,5.29367250068"
3840,5.3055250033294,50.80105865,"50.80105865,5.30552500333"
3850,5.2233097,50.8972323,"50.8972323,5.2233097"
3870,5.2551977,50.7375944,"50.7375944,5.2551977"
3890,5.1325789475434,50.7513838,"50.7513838,5.13257894754"
3891,5.1743785728014,50.7345174,"50.7345174,5.1743785728"
3900,5.422976,51.2113458,"51.2113458,5.422976"
3910,5.4937001151083,51.2253075,"51.2253075,5.49370011511"
3920,5.3076895,51.2305657,"51.2305657,5.3076895"
3930,5.4792895720018,51.2684314,"51.2684314,5.479289572"
3940,5.3415643775263,51.11664635,"51.11664635,5.34156437753"
3941,5.3440439268887,51.1567865,"51.1567865,5.34404392689"
3945,5.1781109743218,51.11417145,"51.11417145,5.17811097432"
3950,5.5995581946268,51.1924818,"51.1924818,5.59955819463"
3960,5.6378178047643,51.16613895,"51.16613895,5.63781780476"
3970,5.2638924294785,51.1220584,"51.1220584,5.26389242948"
3971,5.2265355962879,51.11582725,"51.11582725,5.22653559629"
3980,5.0893974,51.0681628,"51.0681628,5.0893974"
3990,5.4147469555164,51.1272018,"51.1272018,5.41474695552"
4000,5.541864,50.648205,"50.648205,5.541864"
4020,5.5734203,50.6451381,"50.6451381,5.5734203"
4030,5.599573,50.621845,"50.621845,5.599573"
4031,5.5954054,50.6128164,"50.6128164,5.5954054"
4032,5.619261,50.6111024,"50.6111024,5.619261"
4040,5.6403906,50.6701887,"50.6701887,5.6403906"
4041,5.5846274,50.672653,"50.672653,5.5846274"
4042,5.563754,50.6933806,"50.6933806,5.563754"
4050,5.6469688,50.5847922,"50.5847922,5.6469688"
4051,5.6335963,50.6018717,"50.6018717,5.6335963"
4052,5.6387759,50.5589633,"50.5589633,5.6387759"
4053,5.619201,50.5893639,"50.5893639,5.619201"
4100,5.5355698,50.5742979,"50.5742979,5.5355698"
4101,5.5049541,50.6168289,"50.6168289,5.5049541"
4102,5.5389943,50.5992632,"50.5992632,5.5389943"
4120,5.4901079,50.5431751,"50.5431751,5.4901079"
4121,5.4514318,50.5520337,"50.5520337,5.4514318"
4122,5.5215011,50.5446771,"50.5446771,5.5215011"
4130,5.5757727440324,50.5337249,"50.5337249,5.57577274403"
4140,5.6466570762919,50.5065636,"50.5065636,5.64665707629"
4141,5.7172477995985,50.5248417,"50.5248417,5.7172477996"
4160,5.5225261,50.481662,"50.481662,5.5225261"
4161,5.5122974,50.4969412,"50.4969412,5.5122974"
4162,5.5009881,50.4869156,"50.4869156,5.5009881"
4163,5.4707571,50.4960227,"50.4960227,5.4707571"
4170,5.5764707268884,50.474910743586,"50.4749107436,5.57647072689"
4171,5.5827847,50.5097627,"50.5097627,5.5827847"
4180,5.5428656,50.4454473,"50.4454473,5.5428656"
4181,5.5680501,50.426751,"50.426751,5.5680501"
4190,5.5512446,50.3955089,"50.3955089,5.5512446"
4210,5.0495231,50.5795921,"50.5795921,5.0495231"
4217,5.1257368,50.5487123,"50.5487123,5.1257368"
4218,5.1318708,50.5331675,"50.5331675,5.1318708"
4219,5.0305133,50.6266779,"50.6266779,5.0305133"
4250,5.1679183,50.6841901,"50.6841901,5.1679183"
4252,5.1969427,50.6554534,"50.6554534,5.1969427"
4253,5.187047,50.6649171,"50.6649171,5.187047"
4254,5.182381,50.66174,"50.66174,5.182381"
4257,5.2146261,50.6977331,"50.6977331,5.2146261"
4260,5.1435257,50.6300711,"50.6300711,5.1435257"
4261,5.1632447,50.6242037,"50.6242037,5.1632447"
4263,5.1765528,50.639549,"50.639549,5.1765528"
4280,5.0813689,50.6300028,"50.6300028,5.0813689"
4287,5.0318166,50.711613,"50.711613,5.0318166"
4300,5.2888884,50.6893285,"50.6893285,5.2888884"
4317,5.256235,50.6229561,"50.6229561,5.256235"
4340,5.4680939,50.7159281,"50.7159281,5.4680939"
4342,5.4556394,50.6808099,"50.6808099,5.4556394"
4347,5.4271453,50.6547034,"50.6547034,5.4271453"
4350,5.3267174,50.6807151,"50.6807151,5.3267174"
4351,5.3426579,50.6960127,"50.6960127,5.3426579"
4357,5.3199408,50.6478971,"50.6478971,5.3199408"
4360,5.3537922,50.7214501,"50.7214501,5.3537922"
4367,5.397318,50.715885,"50.715885,5.397318"
4400,5.4580872,50.6022808,"50.6022808,5.4580872"
4420,5.539419,50.6305341,"50.6305341,5.539419"
4430,5.5190612,50.6624326,"50.6624326,5.5190612"
4431,5.502732,50.665153,"50.665153,5.502732"
4432,5.5129926,50.6742549,"50.6742549,5.5129926"
4450,5.5234944,50.6879619,"50.6879619,5.5234944"
4451,5.552484,50.687631,"50.687631,5.552484"
4452,5.5241784,50.7280141,"50.7280141,5.5241784"
4453,5.5434045,50.7097826,"50.7097826,5.5434045"
4458,5.5714611,50.7219179,"50.7219179,5.5714611"
4460,5.503152,50.644955,"50.644955,5.503152"
4470,5.3579041,50.6000686,"50.6000686,5.3579041"
4480,5.4444346,50.5445135,"50.5445135,5.4444346"
4500,5.259369,50.527586,"50.527586,5.259369"
4520,5.1880583,50.522397,"50.522397,5.1880583"
4530,5.2835083,50.5849842,"50.5849842,5.2835083"
4537,5.3041269,50.5857931,"50.5857931,5.3041269"
4540,5.3202782,50.575487,"50.575487,5.3202782"
4550,5.3708571,50.5081151,"50.5081151,5.3708571"
4557,5.4029395,50.4595451,"50.4595451,5.4029395"
4560,5.3575692,50.4115085,"50.4115085,5.3575692"
4570,5.2683004,50.4462845,"50.4462845,5.2683004"
4577,5.2948879,50.481124199999996,"50.4811242,5.2948879"
4590,5.427096,50.4487876,"50.4487876,5.427096"
4600,5.695536,50.7336644,"50.7336644,5.695536"
4601,5.686015,50.6957645,"50.6957645,5.686015"
4602,5.670164,50.682809,"50.682809,5.670164"
4606,5.7536486,50.6953487,"50.6953487,5.7536486"
4607,5.7138885,50.7041818,"50.7041818,5.7138885"
4608,5.7764464,50.7195828,"50.7195828,5.7764464"
4610,5.6785831,50.6371513,"50.6371513,5.6785831"
4620,5.6832219,50.6168354,"50.6168354,5.6832219"
4621,5.6978166,50.6302993,"50.6302993,5.6978166"
4623,5.6811009,50.6028765,"50.6028765,5.6811009"
4624,5.6655488,50.6068155,"50.6068155,5.6655488"
4630,5.7042703,50.6493983,"50.6493983,5.7042703"
4631,5.7060994,50.6418082,"50.6418082,5.7060994"
4632,5.7262388,50.6508837,"50.6508837,5.7262388"
4633,5.7370469,50.6460841,"50.6460841,5.7370469"
4650,5.8342711,50.6319367,"50.6319367,5.8342711"
4651,5.8194813,50.6482697,"50.6482697,5.8194813"
4652,5.7726472,50.6037018,"50.6037018,5.7726472"
4653,5.7594413,50.6614055,"50.6614055,5.7594413"
4654,5.8048204,50.669117,"50.669117,5.8048204"
4670,5.7268086,50.6953295,"50.6953295,5.7268086"
4671,5.6969122,50.6682189,"50.6682189,5.6969122"
4672,5.700802,50.6958409,"50.6958409,5.700802"
4680,5.6186068,50.7087526,"50.7087526,5.6186068"
4681,5.6808711,50.710544,"50.710544,5.6808711"
4682,5.6295554,50.7316969,"50.7316969,5.6295554"
4683,5.6527071,50.697932,"50.697932,5.6527071"
4684,5.6667674,50.7339784,"50.7339784,5.6667674"
4690,5.5788622,50.7539251,"50.7539251,5.5788622"
4700,6.031452,50.6306134,"50.6306134,6.031452"
4701,6.0458005,50.6461317,"50.6461317,6.0458005"
4710,6.0073447,50.6804233,"50.6804233,6.0073447"
4711,6.0469422,50.6750768,"50.6750768,6.0469422"
4720,6.013341,50.7154957,"50.7154957,6.013341"
4721,6.0240702,50.7199902,"50.7199902,6.0240702"
4728,6.0316891,50.7091279,"50.7091279,6.0316891"
4730,6.1108404,50.6761305,"50.6761305,6.1108404"
4731,6.081697,50.6935863,"50.6935863,6.081697"
4750,6.2213827,50.4573116,"50.4573116,6.2213827"
4760,6.257827,50.4075533,"50.4075533,6.257827"
4761,6.3009381,50.4344078,"50.4344078,6.3009381"
4770,6.1884932,50.3288415,"50.3288415,6.1884932"
4771,6.218691,50.3631661,"50.3631661,6.218691"
4780,6.1258953,50.2803881,"50.2803881,6.1258953"
4782,6.2642498,50.2888095,"50.2888095,6.2642498"
4783,6.1651484,50.2389236,"50.2389236,6.1651484"
4784,6.0680547,50.2591318,"50.2591318,6.0680547"
4790,6.1216793580592,50.174780874297,"50.1747808743,6.12167935806"
4791,6.0743425,50.2190586,"50.2190586,6.0743425"
4800,5.8638544,50.5932274,"50.5932274,5.8638544"
4801,5.8952801,50.593109,"50.593109,5.8952801"
4802,5.867539,50.57804,"50.57804,5.867539"
4820,5.854735,50.611374,"50.611374,5.854735"
4821,5.8901888,50.4386821,"50.4386821,5.8901888"
4830,5.9402987,50.6122761,"50.6122761,5.9402987"
4831,5.9212234,50.623535,"50.623535,5.9212234"
4834,5.9562188,50.6086202,"50.6086202,5.9562188"
4837,5.9715011,50.6311898,"50.6311898,5.9715011"
4840,5.9723396,50.6627086,"50.6627086,5.9723396"
4841,5.9318018,50.6768234,"50.6768234,5.9318018"
4845,5.9647526,50.5592528,"50.5592528,5.9647526"
4850,5.9620321,50.7075126,"50.7075126,5.9620321"
4851,5.9967631,50.7463908,"50.7463908,5.9967631"
4852,5.9207511,50.723243,"50.723243,5.9207511"
4860,5.7910525,50.5747936,"50.5747936,5.7910525"
4861,5.7906072,50.5921673,"50.5921673,5.7906072"
4870,5.7227768,50.5663484,"50.5663484,5.7227768"
4877,5.7479948,50.5901199,"50.5901199,5.7479948"
4880,5.8585553,50.7041498,"50.7041498,5.8585553"
4890,5.8650125,50.6529465,"50.6529465,5.8650125"
4900,5.8626233,50.4920838,"50.4920838,5.8626233"
4910,5.7905664,50.4894593,"50.4894593,5.7905664"
4920,5.6672743,50.4409138,"50.4409138,5.6672743"
4950,6.1143694,50.4772534,"50.4772534,6.1143694"
4960,6.0391879,50.4415348,"50.4415348,6.0391879"
4970,5.952833,50.4531568,"50.4531568,5.952833"
4980,5.8378154,50.3388474,"50.3388474,5.8378154"
4983,5.826789,50.3579736,"50.3579736,5.826789"
4987,5.7321495,50.4145319,"50.4145319,5.7321495"
4990,5.8353999,50.3012606,"50.3012606,5.8353999"
5000,4.9219558,50.4687313,"50.4687313,4.9219558"
5001,4.8222958522639,50.46923485,"50.46923485,4.82229585226"
5002,4.8351266178881,50.48141855,"50.48141855,4.83512661789"
5003,4.8469587132153,50.4948666,"50.4948666,4.84695871322"
5004,4.891664450549,50.47887385,"50.47887385,4.89166445055"
5020,4.7966661,50.4382517,"50.4382517,4.7966661"
5021,4.9291903523068,50.49239555,"50.49239555,4.92919035231"
5022,4.9127293838106,50.5171876,"50.5171876,4.91272938381"
5024,4.9578287274527,50.5113799,"50.5113799,4.95782872745"
5030,4.6986933030313,50.5621964,"50.5621964,4.69869330303"
5031,4.7609593378472,50.57820735,"50.57820735,4.76095933785"
5032,4.6546979,50.5359706,"50.5359706,4.6546979"
5060,4.6388177,50.4273479,"50.4273479,4.6388177"
5070,4.7411668,50.4027187,"50.4027187,4.7411668"
5080,4.7909700280289,50.5005948,"50.5005948,4.79097002803"
5081,4.7986774536609,50.552563,"50.552563,4.79867745366"
5100,4.8785294244785,50.458883332027,"50.458883332,4.87852942448"
5101,4.9384059263709,50.47132665,"50.47132665,4.93840592637"
5140,4.6119938,50.5018413,"50.5018413,4.6119938"
5150,4.758878,50.4348064,"50.4348064,4.758878"
5170,4.8694363,50.3776473,"50.3776473,4.8694363"
5190,4.6967162,50.4660542,"50.4660542,4.6967162"
5300,5.1043923,50.4900943,"50.4900943,5.1043923"
5310,4.9299565,50.6003478,"50.6003478,4.9299565"
5330,4.9506941,50.405155,"50.405155,4.9506941"
5332,4.9581149,50.3468626,"50.3468626,4.9581149"
5333,5.0294375,50.3896858,"50.3896858,5.0294375"
5334,5.0704373,50.3730757,"50.3730757,5.0704373"
5336,4.9845433,50.378301,"50.378301,4.9845433"
5340,5.0776175,50.4028535,"50.4028535,5.0776175"
5350,5.1238439,50.4359066,"50.4359066,5.1238439"
5351,5.1491871,50.4405961,"50.4405961,5.1491871"
5353,5.2217845,50.440101,"50.440101,5.2217845"
5354,5.1821601,50.4432621,"50.4432621,5.1821601"
5360,5.1594475,50.3408694,"50.3408694,5.1594475"
5361,5.2094413,50.3079186,"50.3079186,5.2094413"
5362,5.1751963,50.3334777,"50.3334777,5.1751963"
5363,5.1212547,50.3253905,"50.3253905,5.1212547"
5364,5.1237159,50.3579006,"50.3579006,5.1237159"
5370,5.2795649,50.3675402,"50.3675402,5.2795649"
5372,5.333856,50.3619241,"50.3619241,5.333856"
5374,5.3125869,50.3533462,"50.3533462,5.3125869"
5376,5.24941,50.365689,"50.365689,5.24941"
5377,5.279464,50.24859,"50.24859,5.279464"
5380,5.0360917,50.5580545,"50.5580545,5.0360917"
5500,4.8971396,50.2003101,"50.2003101,4.8971396"
5501,4.9715412,50.2814293,"50.2814293,4.9715412"
5502,4.9882689,50.2798224,"50.2798224,4.9882689"
5503,4.982409,50.260159,"50.260159,4.982409"
5504,4.9897127,50.2471757,"50.2471757,4.9897127"
5520,4.840864,50.2435657,"50.2435657,4.840864"
5521,4.7806526,50.2500754,"50.2500754,4.7806526"
5522,4.793357,50.2782156,"50.2782156,4.793357"
5523,4.8245344,50.2596445,"50.2596445,4.8245344"
5524,4.8158102,50.2452911,"50.2452911,4.8158102"
5530,4.9125689,50.3202787,"50.3202787,4.9125689"
5537,4.7976225,50.3335584,"50.3335584,4.7976225"
5540,4.8189189,50.1967082,"50.1967082,4.8189189"
5541,4.8294854,50.2150767,"50.2150767,4.8294854"
5542,4.8352693,50.192216,"50.192216,4.8352693"
5543,4.831747,50.161698,"50.161698,4.831747"
5544,4.7942801,50.16421,"50.16421,4.7942801"
5550,4.9172157,49.9106502,"49.9106502,4.9172157"
5555,4.9675442,49.9015726,"49.9015726,4.9675442"
5560,5.0051364,50.1900646,"50.1900646,5.0051364"
5561,5.0058339,50.2312617,"50.2312617,5.0058339"
5562,5.0484175,50.2117661,"50.2117661,5.0484175"
5563,5.0372408,50.1613066,"50.1613066,5.0372408"
5564,5.061512,50.1593381,"50.1593381,5.061512"
5570,5.0123245,50.0666286,"50.0666286,5.0123245"
5571,4.9767431,50.1487792,"50.1487792,4.9767431"
5572,5.0408552,50.1314538,"50.1314538,5.0408552"
5573,5.003949,50.1176141,"50.1176141,5.003949"
5574,5.008842,50.099609,"50.099609,5.008842"
5575,4.855026,50.0250695,"50.0250695,4.855026"
5576,5.000634,50.0604028,"50.0604028,5.000634"
5580,5.1713525249725,50.1502721,"50.1502721,5.17135252497"
5590,5.1188335,50.223801,"50.223801,5.1188335"
5600,4.6393972,50.1900466,"50.1900466,4.6393972"
5620,4.7134091,50.2496186,"50.2496186,4.7134091"
5621,4.5607099,50.2949873,"50.2949873,4.5607099"
5630,4.4366472,50.1896906,"50.1896906,4.4366472"
5640,4.6803521,50.297376,"50.297376,4.6803521"
5641,4.7055271,50.3080016,"50.3080016,4.7055271"
5644,4.7197934,50.2975439,"50.2975439,4.7197934"
5646,4.6590441,50.2828212,"50.2828212,4.6590441"
5650,4.4326804,50.273814,"50.273814,4.4326804"
5651,4.4950207,50.2778386,"50.2778386,4.4950207"
5660,4.4549981,49.9615402,"49.9615402,4.4549981"
5670,4.6396988,50.0237221,"50.0237221,4.6396988"
5680,4.7597215,50.1841874,"50.1841874,4.7597215"
6000,4.4491649999234,50.41571025,"50.41571025,4.44916499992"
6001,4.4442531,50.3977245,"50.3977245,4.4442531"
6010,4.468631,50.391219,"50.391219,4.468631"
6020,4.4322464,50.4186181,"50.4186181,4.4322464"
6030,4.3611946147288,50.41684425,"50.41684425,4.36119461473"
6031,4.382402,50.4170168,"50.4170168,4.382402"
6032,4.4046365,50.3902046,"50.3902046,4.4046365"
6040,4.4360232749854,50.44466065,"50.44466065,4.43602327499"
6041,4.4301757,50.4653846,"50.4653846,4.4301757"
6042,4.4489421,50.431853,"50.431853,4.4489421"
6043,4.481573078145,50.45615655,"50.45615655,4.48157307814"
6044,4.3907758274107,50.4415002,"50.4415002,4.39077582741"
6060,4.485649013438,50.4269705,"50.4269705,4.48564901344"
6061,4.4729234863084,50.4109216,"50.4109216,4.47292348631"
6110,4.3602314806535,50.369072045553,"50.3690720456,4.36023148065"
6111,4.3496404,50.377822,"50.377822,4.3496404"
6120,4.4466922,50.3249486,"50.3249486,4.4466922"
6140,4.3239637925238,50.411224661019,"50.411224661,4.32396379252"
6141,4.3198191,50.4383794,"50.4383794,4.3198191"
6142,4.3307851,50.3974398,"50.3974398,4.3307851"
6150,4.2696102,50.4079969,"50.4079969,4.2696102"
6180,4.3763406,50.4601576,"50.4601576,4.3763406"
6181,4.3287132,50.4875628,"50.4875628,4.3287132"
6182,4.350827,50.450999,"50.450999,4.350827"
6183,4.3317415,50.4665295,"50.4665295,4.3317415"
6200,4.5151961,50.390213,"50.390213,4.5151961"
6210,4.4252588130793,50.53495775,"50.53495775,4.42525881308"
6211,4.4782005997401,50.50462075,"50.50462075,4.47820059974"
6220,4.4935448,50.4817059,"50.4817059,4.4935448"
6221,4.5319238043004,50.5111679,"50.5111679,4.5319238043"
6222,4.561356496071,50.53007005,"50.53007005,4.56135649607"
6223,4.5273110200086,50.52262195,"50.52262195,4.52731102001"
6224,4.5816274059151,50.47584335,"50.47584335,4.58162740592"
6230,4.3622972938902,50.5043242,"50.5043242,4.36229729389"
6238,4.4243830944654,50.5152429,"50.5152429,4.42438309447"
6240,4.526056,50.4285932,"50.4285932,4.526056"
6250,4.584081,50.4065228,"50.4065228,4.584081"
6280,4.5276771,50.3378166,"50.3378166,4.5276771"
6440,4.3059105,50.198614,"50.198614,4.3059105"
6441,4.3512321,50.2118893,"50.2118893,4.3512321"
6460,4.3173338,50.0479266,"50.0479266,4.3173338"
6461,4.3329805,50.0648008,"50.0648008,4.3329805"
6462,4.363579,50.061113,"50.061113,4.363579"
6463,4.3790041,50.0642146,"50.0642146,4.3790041"
6464,4.3755329,50.0298544,"50.0298544,4.3755329"
6470,4.1714631,50.200517,"50.200517,4.1714631"
6500,4.2670432,50.189927,"50.189927,4.2670432"
6511,4.2980462,50.2766332,"50.2766332,4.2980462"
6530,4.2870475,50.3397445,"50.3397445,4.2870475"
6531,4.3079897,50.320724,"50.320724,4.3079897"
6532,4.2837674,50.3081977,"50.3081977,4.2837674"
6533,4.2591396,50.3250862,"50.3250862,4.2591396"
6534,4.3515595,50.3332279,"50.3332279,4.3515595"
6536,4.3119991,50.2854167,"50.2854167,4.3119991"
6540,4.2654874,50.3460194,"50.3460194,4.2654874"
6542,4.209803,50.3352549,"50.3352549,4.209803"
6543,4.2155807,50.3512087,"50.3512087,4.2155807"
6560,4.1783639,50.3057605,"50.3057605,4.1783639"
6567,4.2137302,50.3208131,"50.3208131,4.2137302"
6590,4.1649981,50.0286317,"50.0286317,4.1649981"
6591,4.2096331,50.052122,"50.052122,4.2096331"
6592,4.224118,50.036452,"50.036452,4.224118"
6593,4.1802891,49.9755399,"49.9755399,4.1802891"
6594,4.156972,50.015365,"50.015365,4.156972"
6596,4.2520681,49.96543,"49.96543,4.2520681"
6600,5.7153203,50.0009951,"50.0009951,5.7153203"
6630,5.7376366,49.8313323,"49.8313323,5.7376366"
6637,5.6881541,49.9064531,"49.9064531,5.6881541"
6640,5.6866728,49.9437838,"49.9437838,5.6866728"
6642,5.5493342,49.8805193,"49.8805193,5.5493342"
6660,5.7886928,50.1323761,"50.1323761,5.7886928"
6661,5.7909538,50.5341607,"50.5341607,5.7909538"
6662,5.837773,50.1081487,"50.1081487,5.837773"
6663,5.7384527,50.098929,"50.098929,5.7384527"
6666,5.7156009,50.1661182,"50.1661182,5.7156009"
6670,5.9549305,50.1907895,"50.1907895,5.9549305"
6671,5.9182421,50.2244199,"50.2244199,5.9182421"
6672,5.9972692,50.220365,"50.220365,5.9972692"
6673,5.8646609,50.1806741,"50.1806741,5.8646609"
6674,5.8288862,50.1876021,"50.1876021,5.8288862"
6680,5.5297763,50.0097939,"50.0097939,5.5297763"
6681,5.5136455,50.052317,"50.052317,5.5136455"
6686,5.6038758,50.0333519,"50.0333519,5.6038758"
6687,5.6675577,50.0842908,"50.0842908,5.6675577"
6688,5.6892466,50.0535428,"50.0535428,5.6892466"
6690,5.9170187,50.2883685,"50.2883685,5.9170187"
6692,5.9672766,50.3074461,"50.3074461,5.9672766"
6698,5.9072517,50.3262753,"50.3262753,5.9072517"
6700,5.7795299,49.6512359,"49.6512359,5.7795299"
6704,5.853381,49.7193575,"49.7193575,5.853381"
6706,5.8675666,49.6499559,"49.6499559,5.8675666"
6717,5.7872217,49.7514982,"49.7514982,5.7872217"
6720,5.6503942,49.7286061,"49.7286061,5.6503942"
6721,5.620414,49.772082,"49.772082,5.620414"
6723,5.6225107,49.7228424,"49.7228424,5.6225107"
6724,5.5843337,49.7189016,"49.7189016,5.5843337"
6730,5.4851582,49.718767,"49.718767,5.4851582"
6740,5.5644887,49.6732168,"49.6732168,5.5644887"
6741,5.6698138,49.6701655,"49.6701655,5.6698138"
6742,5.6551334,49.6535106,"49.6535106,5.6551334"
6743,5.5942184,49.6478969,"49.6478969,5.5942184"
6747,5.6983633,49.6255848,"49.6255848,5.6983633"
6750,5.6403955,49.5528606,"49.5528606,5.6403955"
6760,5.5329559,49.5677263,"49.5677263,5.5329559"
6761,5.5704642,49.5581925,"49.5581925,5.5704642"
6762,5.5284511,49.5577562,"49.5577562,5.5284511"
6767,5.4979579,49.5553011,"49.5553011,5.4979579"
6769,5.4287902,49.6184295,"49.6184295,5.4287902"
6780,5.8350151,49.6351714,"49.6351714,5.8350151"
6781,5.848409,49.6081105,"49.6081105,5.848409"
6782,5.7608307,49.6153377,"49.6153377,5.7608307"
6790,5.804352,49.5675296,"49.5675296,5.804352"
6791,5.8317661,49.5642065,"49.5642065,5.8317661"
6792,5.7248143,49.5903125,"49.5903125,5.7248143"
6800,5.3877654,49.9760182,"49.9760182,5.3877654"
6810,5.3394252,49.738581,"49.738581,5.3394252"
6811,5.4263273,49.7031011,"49.7031011,5.4263273"
6812,5.4005563,49.7626877,"49.7626877,5.4005563"
6813,5.4579753,49.7071328,"49.7071328,5.4579753"
6820,5.2429556,49.7293745,"49.7293745,5.2429556"
6821,5.318262,49.7170106,"49.7170106,5.318262"
6823,5.331466,49.6185771,"49.6185771,5.331466"
6824,5.2621817,49.7076905,"49.7076905,5.2621817"
6830,5.0672528,49.7949836,"49.7949836,5.0672528"
6831,5.412251,50.6175774,"50.6175774,5.412251"
6832,5.0738804,49.8254037,"49.8254037,5.0738804"
6833,5.0388784,49.8675973,"49.8675973,5.0388784"
6834,6.0129575,50.3912772,"50.3912772,6.0129575"
6836,5.1418578,49.7973741,"49.7973741,5.1418578"
6838,5.0065337,49.7976297,"49.7976297,5.0065337"
6840,5.4564462,49.8359615,"49.8359615,5.4564462"
6850,5.0830529,49.8947611,"49.8947611,5.0830529"
6851,5.1220764,49.8710591,"49.8710591,5.1220764"
6852,5.1201252,49.9348514,"49.9348514,5.1201252"
6853,5.1601932,49.9185629,"49.9185629,5.1601932"
6856,5.1607144,49.8662058,"49.8662058,5.1607144"
6860,5.4625426,49.8029977,"49.8029977,5.4625426"
6870,5.3968709,50.0058391,"50.0058391,5.3968709"
6880,5.2529266,49.8546564,"49.8546564,5.2529266"
6887,5.2377736,49.7815364,"49.7815364,5.2377736"
6890,5.1601828,50.0077873,"50.0077873,5.1601828"
6900,5.2931158,50.2232964,"50.2232964,5.2931158"
6920,5.1146708,50.0822967,"50.0822967,5.1146708"
6921,5.1559991,50.0786533,"50.0786533,5.1559991"
6922,5.1374206,50.0754135,"50.0754135,5.1374206"
6924,5.092143,50.0762474,"50.0762474,5.092143"
6927,5.1778089,50.0828516,"50.0828516,5.1778089"
6929,5.1184644,50.0217646,"50.0217646,5.1184644"
6940,5.5307553,50.3266395,"50.3266395,5.5307553"
6941,5.5223752,50.3760087,"50.3760087,5.5223752"
6950,5.3475606,50.173788,"50.173788,5.3475606"
6951,5.4154822,50.1665822,"50.1665822,5.4154822"
6952,5.3828952,50.1549918,"50.1549918,5.3828952"
6953,5.3142288,50.1441815,"50.1441815,5.3142288"
6960,5.6625445,50.2922823,"50.2922823,5.6625445"
6970,5.5242133,50.091248,"50.091248,5.5242133"
6971,5.5034047,50.1077503,"50.1077503,5.5034047"
6972,5.5507905,50.1137831,"50.1137831,5.5507905"
6980,5.5701521878995,50.182916023074,"50.1829160231,5.5701521879"
6982,5.6394828,50.209256,"50.209256,5.6394828"
6983,5.6138065,50.1249111,"50.1249111,5.6138065"
6984,5.5783344,50.1506704,"50.1506704,5.5783344"
6986,5.5020384,50.1717133,"50.1717133,5.5020384"
6987,5.5268173,50.2145396,"50.2145396,5.5268173"
6990,5.4729019,50.2579039,"50.2579039,5.4729019"
6997,5.5597229,50.2930897,"50.2930897,5.5597229"
7000,3.951958,50.4549568,"50.4549568,3.951958"
7011,3.903746,50.4760502,"50.4760502,3.903746"
7012,3.8894392,50.448422,"50.448422,3.8894392"
7020,3.962763,50.4901522,"50.4901522,3.962763"
7021,4.0453329,50.4643434,"50.4643434,4.0453329"
7022,3.960668,50.4283672,"50.4283672,3.960668"
7024,3.9438349,50.4193042,"50.4193042,3.9438349"
7030,4.012574,50.4366253,"50.4366253,4.012574"
7031,4.0389071,50.4312421,"50.4312421,4.0389071"
7032,3.9868957,50.4254505,"50.4254505,3.9868957"
7033,3.9206652,50.436171,"50.436171,3.9206652"
7034,4.0062232,50.4760289,"50.4760289,4.0062232"
7040,3.9168758,50.3922864,"50.3922864,3.9168758"
7041,3.9841693,50.3611541,"50.3611541,3.9841693"
7050,3.884409,50.53309,"50.53309,3.884409"
7060,4.0413076,50.6093445,"50.6093445,4.0413076"
7061,4.0031319,50.5130195,"50.5130195,4.0031319"
7062,4.1011662,50.5536883,"50.5536883,4.1011662"
7063,4.0029098,50.5683075,"50.5683075,4.0029098"
7070,4.0922224,50.473352,"50.473352,4.0922224"
7080,3.8905656,50.4087571,"50.4087571,3.8905656"
7090,4.1861019,50.5996119,"50.5996119,4.1861019"
7100,4.1604101,50.4525018,"50.4525018,4.1604101"
7110,4.1575303,50.4879863,"50.4879863,4.1575303"
7120,4.0975758,50.3976702,"50.3976702,4.0975758"
7130,4.1024947,50.429990599999996,"50.4299906,4.1024947"
7131,4.150981,50.4137808,"50.4137808,4.150981"
7133,4.2055425,50.3897538,"50.3897538,4.2055425"
7134,4.1458468,50.4364165,"50.4364165,4.1458468"
7140,4.2523562,50.4509843,"50.4509843,4.2523562"
7141,4.2542126,50.443039,"50.443039,4.2542126"
7160,4.2984261,50.4414944,"50.4414944,4.2984261"
7170,4.2358174,50.4738724,"50.4738724,4.2358174"
7180,4.2664609240834,50.52505545,"50.52505545,4.26646092408"
7181,4.199657690926,50.52567625,"50.52567625,4.19965769093"
7190,4.1752492,50.5696129,"50.5696129,4.1752492"
7191,4.1785518,50.5703563,"50.5703563,4.1785518"
7300,3.7960902,50.4331253,"50.4331253,3.7960902"
7301,3.8276077,50.4337613,"50.4337613,3.8276077"
7320,3.6504677,50.475502,"50.475502,3.6504677"
7321,3.6611754,50.5011724,"50.5011724,3.6611754"
7322,3.7107354,50.4611322,"50.4611322,3.7107354"
7330,3.8214781396442,50.448359502766,"50.4483595028,3.82147813964"
7331,3.8327577,50.4814352,"50.4814352,3.8327577"
7332,3.7881267,50.5060592,"50.5060592,3.7881267"
7333,3.8081735,50.4673149,"50.4673149,3.8081735"
7334,3.7650049,50.4823864,"50.4823864,3.7650049"
7340,3.8513958,50.4056635,"50.4056635,3.8513958"
7350,3.703666,50.436001,"50.436001,3.703666"
7370,3.8051335,50.3729779,"50.3729779,3.8051335"
7380,3.6819263,50.4084818,"50.4084818,3.6819263"
7382,3.7177788,50.3830135,"50.3830135,3.7177788"
7387,3.776059,50.3647711,"50.3647711,3.776059"
7390,3.8466719,50.445727,"50.445727,3.8466719"
7500,3.3878259,50.60566,"50.60566,3.3878259"
7501,3.3492864,50.6049549,"50.6049549,3.3492864"
7502,3.3038112,50.5743852,"50.5743852,3.3038112"
7503,3.3569842,50.6195489,"50.6195489,3.3569842"
7504,3.3287795,50.57792,"50.57792,3.3287795"
7506,3.350025,50.573981,"50.573981,3.350025"
7520,3.335337,50.651295,"50.651295,3.335337"
7521,3.4212542,50.5885516,"50.5885516,3.4212542"
7522,3.2931148,50.5982618,"50.5982618,3.2931148"
7530,3.4834445,50.5924891,"50.5924891,3.4834445"
7531,3.4655917,50.6156953,"50.6156953,3.4655917"
7532,3.5028761,50.6217774,"50.6217774,3.5028761"
7533,3.5102508,50.6349458,"50.6349458,3.5102508"
7534,3.5483951,50.6169646,"50.6169646,3.5483951"
7536,3.426172,50.589889,"50.589889,3.426172"
7538,3.5017888,50.5683976,"50.5683976,3.5017888"
7540,3.5120068,50.6501425,"50.6501425,3.5120068"
7542,3.4000171,50.6554352,"50.6554352,3.4000171"
7543,3.445164,50.6530409,"50.6530409,3.445164"
7548,3.4267528,50.6096187,"50.6096187,3.4267528"
7600,3.5908864,50.5097897,"50.5097897,3.5908864"
7601,3.5870901,50.529165,"50.529165,3.5870901"
7602,3.59458,50.5426384,"50.5426384,3.59458"
7603,3.607483,50.4976184,"50.4976184,3.607483"
7604,3.552247,50.561586,"50.561586,3.552247"
7608,3.533035,50.508665,"50.508665,3.533035"
7610,3.3039251,50.5557678,"50.5557678,3.3039251"
7611,3.3010202,50.5298416,"50.5298416,3.3010202"
7618,3.3416855,50.5502028,"50.5502028,3.3416855"
7620,3.3663017,50.5471385,"50.5471385,3.3663017"
7621,3.3880963285681,50.520291,"50.520291,3.38809632857"
7622,3.4418587625525,50.52296155,"50.52296155,3.44185876255"
7623,3.3815632027097,50.50665205,"50.50665205,3.38156320271"
7624,3.3541900391658,50.5170287,"50.5170287,3.35419003917"
7640,3.4538057,50.551862,"50.551862,3.4538057"
7641,3.426992,50.557403,"50.557403,3.426992"
7642,3.4371661,50.578325,"50.578325,3.4371661"
7643,3.473373,50.567887,"50.567887,3.473373"
7700,3.2344942,50.7386186,"50.7386186,3.2344942"
7711,3.3037301,50.7273981,"50.7273981,3.3037301"
7712,3.2342044,50.7227127,"50.7227127,3.2342044"
7730,3.3180722,50.6826198,"50.6826198,3.3180722"
7740,3.3407492,50.685616,"50.685616,3.3407492"
7742,3.3623581,50.7008798,"50.7008798,3.3623581"
7743,3.364281,50.662055,"50.662055,3.364281"
7750,3.481663,50.747596,"50.747596,3.481663"
7760,3.4294567,50.6930043,"50.6930043,3.4294567"
7780,2.998666,50.768736,"50.768736,2.998666"
7781,2.9640553,50.7868243,"50.7868243,2.9640553"
7782,2.8803139,50.7262204,"50.7262204,2.8803139"
7783,2.88999,50.7060943,"50.7060943,2.88999"
7784,2.9625206,50.7588153,"50.7588153,2.9625206"
7800,3.7926793502157,50.639504499385,"50.6395044994,3.79267935022"
7801,3.7536768,50.6201619,"50.6201619,3.7536768"
7802,3.7516336,50.5947224,"50.5947224,3.7516336"
7803,3.7677307,50.6477056,"50.6477056,3.7677307"
7804,3.7584252,50.6788509,"50.6788509,3.7584252"
7810,3.8060162,50.615068,"50.615068,3.8060162"
7811,3.8148309,50.6103517,"50.6103517,3.8148309"
7812,3.7054981,50.6222783,"50.6222783,3.7054981"
7822,3.8480962,50.6485784,"50.6485784,3.8480962"
7823,3.8878195,50.637673,"50.637673,3.8878195"
7830,4.0358365,50.6717098,"50.6717098,4.0358365"
7850,4.0845939,50.6899321,"50.6899321,4.0845939"
7860,3.8301131,50.7123036,"50.7123036,3.8301131"
7861,3.7998354,50.6940794,"50.6940794,3.7998354"
7862,3.780225,50.7208405,"50.7208405,3.780225"
7863,3.8094385,50.7283427,"50.7283427,3.8094385"
7864,3.8522036,50.7307336,"50.7307336,3.8522036"
7866,3.8856306,50.6953023,"50.6953023,3.8856306"
7870,3.9397913,50.6007682,"50.6007682,3.9397913"
7880,3.7378707,50.7371675,"50.7371675,3.7378707"
7890,3.7444299,50.7178459,"50.7178459,3.7444299"
7900,3.617736902638,50.599042981582,"50.5990429816,3.61773690264"
7901,3.6085857,50.6179826,"50.6179826,3.6085857"
7903,3.6551354,50.6125001,"50.6125001,3.6551354"
7904,3.6038961,50.566635,"50.566635,3.6038961"
7906,3.5748349,50.6060715,"50.6060715,3.5748349"
7910,3.5489704,50.7282535,"50.7282535,3.5489704"
7911,3.5785557,50.6349335,"50.6349335,3.5785557"
7912,3.5977459,50.7061803,"50.7061803,3.5977459"
7940,3.8546563,50.5954253,"50.5954253,3.8546563"
7941,3.8410951,50.6102428,"50.6102428,3.8410951"
7942,3.8507081,50.6044689,"50.6044689,3.8507081"
7943,3.8910777,50.6068018,"50.6068018,3.8910777"
7950,3.7532905,50.5658217,"50.5658217,3.7532905"
7951,3.7748043,50.581313,"50.581313,3.7748043"
7970,3.7361279,50.5479197,"50.5479197,3.7361279"
7971,3.6472042,50.5252131,"50.5252131,3.6472042"
7972,3.6769173,50.573932,"50.573932,3.6769173"
7973,3.6966742,50.5044413,"50.5044413,3.6966742"
8000,3.2073611,51.2147083,"51.2147083,3.2073611"
8020,3.2612349549978,51.10996785,"51.10996785,3.261234955"
8200,3.1750054151928,51.18830895,"51.18830895,3.17500541519"
8210,3.1955523,51.1557488,"51.1557488,3.1955523"
8211,3.0913265545139,51.1180002,"51.1180002,3.09132655451"
8300,3.3233738606453,51.34942965,"51.34942965,3.32337386065"
8301,3.2505004,51.3126954,"51.3126954,3.2505004"
8310,3.2570785402003,51.1933202,"51.1933202,3.2570785402"
8340,3.3523918963854,51.2821424,"51.2821424,3.35239189639"
8370,3.1404868099971,51.2996935,"51.2996935,3.14048681"
8377,3.1567406094326,51.2685834,"51.2685834,3.15674060943"
8380,3.2078842,51.331382,"51.331382,3.2078842"
8400,2.9668008654261,51.20484775,"51.20484775,2.96680086543"
8420,3.0238828,51.242521000000004,"51.242521,3.0238828"
8421,3.0635598193415,51.2641695,"51.2641695,3.06355981934"
8430,2.8063401225473,51.18331695,"51.18331695,2.80634012255"
8431,2.8401373,51.1809498,"51.1809498,2.8401373"
8432,2.8776766,51.1746761,"51.1746761,2.8776766"
8433,2.8476959,51.1543955,"51.1543955,2.8476959"
8434,2.7549864166944,51.15402425,"51.15402425,2.75498641669"
8450,2.9725769468284,51.23890495,"51.23890495,2.97257694683"
8460,3.0384504834689,51.19765475,"51.19765475,3.03845048347"
8470,2.9016605351732,51.1381923,"51.1381923,2.90166053517"
8480,3.0582322396597,51.14886485,"51.14886485,3.05823223966"
8490,3.0902953889402,51.1846386,"51.1846386,3.09029538894"
8500,3.2784153903743,50.81788085,"50.81788085,3.27841539037"
8501,3.2382004806211,50.8511736,"50.8511736,3.23820048062"
8510,3.2800137,50.7781502,"50.7781502,3.2800137"
8511,3.2186046321991,50.77745545,"50.77745545,3.2186046322"
8520,3.2736322150643,50.86005145,"50.86005145,3.27363221506"
8530,3.3425511,50.8293249,"50.8293249,3.3425511"
8531,3.3126044844799,50.8790473,"50.8790473,3.31260448448"
8540,3.3622790229139,50.83878495,"50.83878495,3.36227902291"
8550,3.3419067426276,50.80406995,"50.80406995,3.34190674263"
8551,3.4120184,50.7821543,"50.7821543,3.4120184"
8552,3.3825263241918,50.775415,"50.775415,3.38252632419"
8553,3.4245499365566,50.80927585,"50.80927585,3.42454993656"
8554,3.349745322203,50.76440175,"50.76440175,3.3497453222"
8560,3.2026154878227,50.84493445,"50.84493445,3.20261548782"
8570,3.5060602,50.8279177,"50.8279177,3.5060602"
8572,3.4976090001837,50.8121917,"50.8121917,3.49760900018"
8573,3.4697738543929,50.8130531,"50.8130531,3.46977385439"
8580,3.4468985313677,50.7754997,"50.7754997,3.44689853137"
8581,3.5058971661987,50.8008418,"50.8008418,3.5058971662"
8582,3.4257331809137,50.75868715,"50.75868715,3.42573318091"
8583,3.4080819304802,50.74804505,"50.74804505,3.40808193048"
8587,3.3837254,50.7300021,"50.7300021,3.3837254"
8600,2.8387074,51.0358094,"51.0358094,2.8387074"
8610,2.996075151704,51.0321939,"51.0321939,2.9960751517"
8620,2.7283986495034,51.144160050000004,"51.14416005,2.7283986495"
8630,2.7399983485035,51.08832895,"51.08832895,2.7399983485"
8640,2.7887585311487,50.9035513,"50.9035513,2.78875853115"
8647,2.7771170853989,50.94228475,"50.94228475,2.7771170854"
8650,2.9438110508216,50.97407785,"50.97407785,2.94381105082"
8660,2.5806696887141,51.09437775,"51.09437775,2.58066968871"
8670,2.6353426015022,51.1091101,"51.1091101,2.6353426015"
8680,2.9633414725432,51.05621365,"51.05621365,2.96334147254"
8690,2.7051716,51.0235332,"51.0235332,2.7051716"
8691,2.622401,50.9844835,"50.9844835,2.622401"
8700,3.3283107336881,51.03700665,"51.03700665,3.32831073369"
8710,3.3862545030012,50.9245338,"50.9245338,3.386254503"
8720,3.4022937173313,50.966125,"50.966125,3.40229371733"
8730,3.3441122702909,51.166016,"51.166016,3.34411227029"
8740,3.2540634837689,51.0209559,"51.0209559,3.25406348377"
8750,3.2847683081115,51.06808895,"51.06808895,3.28476830811"
8755,3.3789495803068,51.062755,"51.062755,3.37894958031"
8760,3.2859605761212,50.9484788,"50.9484788,3.28596057612"
8770,3.2617189739329,50.92196635,"50.92196635,3.26171897393"
8780,3.3468206372996,50.93434535,"50.93434535,3.3468206373"
8790,3.4257380400092,50.87620025,"50.87620025,3.42573804001"
8791,3.3427472358752,50.871701,"50.871701,3.34274723588"
8792,3.3669119563274,50.88302825,"50.88302825,3.36691195633"
8793,3.4036062,50.9057236,"50.9057236,3.4036062"
8800,3.1627760972777,50.9042588,"50.9042588,3.16277609728"
8810,3.1422717715338,51.03033065,"51.03033065,3.14227177153"
8820,3.0913072045454,51.0585915,"51.0585915,3.09130720455"
8830,3.0687215849639,50.98218015,"50.98218015,3.06872158496"
8840,3.001340623187,50.97048785,"50.97048785,3.00134062319"
8850,3.2045936674459,50.97076545,"50.97076545,3.20459366745"
8851,3.2016142835313,51.0075272,"51.0075272,3.20161428353"
8860,3.2320134658174,50.8850661,"50.8850661,3.23201346582"
8870,3.2090654210557,50.91382225,"50.91382225,3.20906542106"
8880,3.179116,50.8765142,"50.8765142,3.179116"
8890,3.1056665757612,50.84693275,"50.84693275,3.10566657576"
8900,2.8475388,50.8689046,"50.8689046,2.8475388"
8902,2.9383694,50.8056486,"50.8056486,2.9383694"
8904,2.8624482523982002,50.89329445,"50.89329445,2.8624482524"
8906,2.8086072093094,50.88120105,"50.88120105,2.80860720931"
8908,2.8146596555515,50.84722495,"50.84722495,2.81465965555"
8920,2.863108835832,50.92504495,"50.92504495,2.86310883583"
8930,3.1156565,50.7969879,"50.7969879,3.1156565"
8940,3.0689009201802,50.826939,"50.826939,3.06890092018"
8950,2.8251932,50.7457387,"50.7457387,2.8251932"
8951,2.7832991,50.7662832,"50.7662832,2.7832991"
8952,2.840869239241,50.7675035,"50.7675035,2.84086923924"
8953,2.9126192876216,50.7832683,"50.7832683,2.91261928762"
8954,2.7409610507934,50.8003371,"50.8003371,2.74096105079"
8956,2.8383675286243,50.7952131,"50.7952131,2.83836752862"
8957,2.9001214234264,50.7596526,"50.7596526,2.90012142343"
8958,2.7797309731213,50.78372855,"50.78372855,2.77973097312"
8970,2.7636029,50.8170498,"50.8170498,2.7636029"
8972,2.6262588,50.9150531,"50.9150531,2.6262588"
8978,2.6449117149406,50.84518645,"50.84518645,2.64491171494"
8980,3.0054428297242,50.89915125,"50.89915125,3.00544282972"
9000,3.7141549000597,51.0397129,"51.0397129,3.71415490006"
9030,3.6781210300259,51.0731177,"51.0731177,3.67812103003"
9031,3.6395168043236,51.0528944,"51.0528944,3.63951680432"
9032,3.7034612746567,51.09349535,"51.09349535,3.70346127466"
9040,3.7488657,51.061875,"51.061875,3.7488657"
9041,3.7644128,51.1001986,"51.1001986,3.7644128"
9042,3.7836111,51.1221778,"51.1221778,3.7836111"
9050,3.7414088,51.0372053,"51.0372053,3.7414088"
9051,3.6575415863856,51.0299989,"51.0299989,3.65754158639"
9052,3.7021790930106,51.00092235,"51.00092235,3.70217909301"
9060,3.8105002,51.2000036,"51.2000036,3.8105002"
9070,3.7978887,51.0556204,"51.0556204,3.7978887"
9080,3.8792625,51.0802144,"51.0802144,3.8792625"
9090,3.7976423,50.9842505,"50.9842505,3.7976423"
9100,4.1780279,51.1933908,"51.1933908,4.1780279"
9111,4.0917750185456,51.1570236,"51.1570236,4.09177501855"
9112,3.9795579,51.1866966,"51.1866966,3.9795579"
9120,4.2588008641609,51.2652143,"51.2652143,4.25880086416"
9130,4.2456374474582,51.3181461,"51.3181461,4.24563744746"
9140,4.1457568844955,51.12017065,"51.12017065,4.1457568845"
9150,4.2873842506575,51.14685855,"51.14685855,4.28738425066"
9160,3.965212,51.1487608,"51.1487608,3.965212"
9170,4.1233014,51.2180687,"51.2180687,4.1233014"
9180,3.9446436,51.1742698,"51.1742698,3.9446436"
9185,3.8574284,51.1701927,"51.1701927,3.8574284"
9190,4.0240412532131,51.2104744,"51.2104744,4.02404125321"
9200,4.1025435644905,51.0533487,"51.0533487,4.10254356449"
9220,4.1585956393745,51.06183125,"51.06183125,4.15859563937"
9230,3.8735741,50.9809343,"50.9809343,3.8735741"
9240,4.0385864,51.0683621,"51.0683621,4.0385864"
9250,4.0842158,51.1097147,"51.1097147,4.0842158"
9255,4.2213781726505,51.0286063,"51.0286063,4.22137817265"
9260,3.9806438098974,51.0020843,"51.0020843,3.9806438099"
9270,3.8504738,51.029657,"51.029657,3.8504738"
9280,4.1307711,51.0004013,"51.0004013,4.1307711"
9290,4.0113470297154,51.0301606,"51.0301606,4.01134702972"
9300,4.0396424203486,50.9429755,"50.9429755,4.03964242035"
9308,4.0413684723722,50.9831967,"50.9831967,4.04136847237"
9310,4.1008746699882,50.95235015,"50.95235015,4.10087466999"
9320,4.0573610045016,50.9160962,"50.9160962,4.0573610045"
9340,3.9521618,50.9605364,"50.9605364,3.9521618"
9400,3.9750229,50.8463587,"50.8463587,3.9750229"
9401,3.9969451,50.8168641,"50.8168641,3.9969451"
9402,4.0458501718008,50.81972985,"50.81972985,4.0458501718"
9403,4.0606636,50.803005,"50.803005,4.0606636"
9404,3.9584406,50.8421637,"50.8421637,3.9584406"
9406,3.9976558921405,50.84658595,"50.84658595,3.99765589214"
9420,3.9203695,50.9136525,"50.9136525,3.9203695"
9450,4.0057717,50.9022532,"50.9022532,4.0057717"
9451,3.9792346670559,50.88457295,"50.88457295,3.97923466706"
9470,4.0665468327116,50.8843903,"50.8843903,4.06654683271"
9472,4.0440509206633,50.8746795,"50.8746795,4.04405092066"
9473,4.0448599,50.9005405,"50.9005405,4.0448599"
9500,3.897035,50.8218582,"50.8218582,3.897035"
9506,3.968228,50.7779309,"50.7779309,3.968228"
9520,3.9009360317784,50.935088,"50.935088,3.90093603178"
9521,3.8812597,50.92696,"50.92696,3.8812597"
9550,3.9158325,50.8726761,"50.8726761,3.9158325"
9551,3.9109808,50.8920791,"50.8920791,3.9109808"
9552,3.8945771,50.9047179,"50.9047179,3.8945771"
9570,3.8249605,50.815045,"50.815045,3.8249605"
9571,3.8638783508569,50.8088369,"50.8088369,3.86387835086"
9572,3.8157846440419,50.80452055,"50.80452055,3.81578464404"
9600,3.6020465,50.7476192,"50.7476192,3.6020465"
9620,3.8078492,50.8907864,"50.8907864,3.8078492"
9630,3.7327378,50.8776841,"50.8776841,3.7327378"
9636,3.6879894099711,50.8867594,"50.8867594,3.68798940997"
9660,3.762778,50.7979739,"50.7979739,3.762778"
9661,3.799316,50.7849168,"50.7849168,3.799316"
9667,3.6875097,50.8383442,"50.8383442,3.6875097"
9680,3.6489314,50.807217,"50.807217,3.6489314"
9681,3.5954667,50.7965606,"50.7965606,3.5954667"
9688,3.6782376,50.8061799,"50.8061799,3.6782376"
9690,3.5082669,50.7903918,"50.7903918,3.5082669"
9700,3.6322868,50.8678376,"50.8678376,3.6322868"
9750,3.653793,50.9039326,"50.9039326,3.653793"
9770,3.5404462768494,50.9200896,"50.9200896,3.54044627685"
9771,3.5108474,50.8853618,"50.8853618,3.5108474"
9772,3.5605794173077,50.890238600000004,"50.8902386,3.56057941731"
9790,3.5514004,50.8711812,"50.8711812,3.5514004"
9800,3.5413767,51.0175334,"51.0175334,3.5413767"
9810,3.5963218,50.959802,"50.959802,3.5963218"
9820,3.7459119,50.9942924,"50.9942924,3.7459119"
9830,3.6306291238782,51.0134462,"51.0134462,3.63062912388"
9831,3.6111658724762,51.000090899999996,"51.0000909,3.61116587248"
9840,3.6495958,50.9924205,"50.9924205,3.6495958"
9850,3.5715236988666,51.0829292,"51.0829292,3.57152369887"
9860,3.7800022,50.9591122,"50.9591122,3.7800022"
9870,3.4858873,50.9591856,"50.9591856,3.4858873"
9880,3.4596784,51.0497022,"51.0497022,3.4596784"
9881,3.4994525656039,51.0902776,"51.0902776,3.4994525656"
9890,3.6845236,50.9459212,"50.9459212,3.6845236"
9900,3.5665965,51.1844827,"51.1844827,3.5665965"
9910,3.4841052,51.1285879,"51.1285879,3.4841052"
9920,3.6076129,51.0956807,"51.0956807,3.6076129"
9921,3.6412401,51.0876396,"51.0876396,3.6412401"
9930,3.5642436785112,51.1195778,"51.1195778,3.56424367851"
9931,3.5253176,51.150867,"51.150867,3.5253176"
9932,3.5532444,51.1303816,"51.1303816,3.5532444"
9940,3.7078565,51.1087891,"51.1087891,3.7078565"
9950,3.6061712,51.1515304,"51.1515304,3.6061712"
9960,3.7568076657628,51.23004155,"51.23004155,3.75680766576"
9961,3.7059614986083,51.2509311,"51.2509311,3.70596149861"
9968,3.6789952,51.2311917,"51.2311917,3.6789952"
9970,3.6219251372375,51.228952,"51.228952,3.62192513724"
9971,3.6346312134542,51.19424,"51.19424,3.63463121345"
9980,3.5374820679851,51.2330483,"51.2330483,3.53748206799"
9981,3.5315005565828,51.26767195,"51.26767195,3.53150055658"
9982,3.580094,51.2682182,"51.2682182,3.580094"
9988,3.626982177111,51.2776499,"51.2776499,3.62698217711"
9990,3.4154538,51.2263133,"51.2263133,3.4154538"
9991,3.4858471,51.2035291,"51.2035291,3.4858471"
9992,3.4071425562584,51.25583235,"51.25583235,3.40714255626"
